Bus No,Route Name,Pickup Point,Road,Route,Morning Pickup,Evening Drop
V1,KOTTIVAKKAM,Kottivakkam,East Cost Road,R2,5.45,5.45 PM
V1,KOTTIVAKKAM,Srinivasa Nagar,East Cost Road,R2,5.50,
V1,KOTTIVAKKAM,Thiruvanmiyur,L.B. Road,R2,5.52,
V1,KOTTIVAKKAM,Indira Nagar,3rd Avenue,R2,5.55,
V1,KOTTIVAKKAM,Vannanturai,Mahatma Gandhi Road,R2,5.57,
V1,KOTTIVAKKAM,Besant Nagar,Besant 2nd & 3rd Avenue,R2,5.59,
V1,KOTTIVAKKAM,Adayar Signals,Sardar Patel Road,R2,6.02,
V1,KOTTIVAKKAM,CLRI & IIT,Sardar Patel Road,R2,6.05,
V1,KOTTIVAKKAM,Kotturpuram,Gandhi Mandapam Road,R2,6.10,
V1,KOTTIVAKKAM,Nandanam Extn.,Chamiers Road,R2,6.15,
V1,KOTTIVAKKAM,Nadanam Arts College.,Mount Road,R2,6.17,
V1,KOTTIVAKKAM,CIT Nagar,South Usman Road,R2,6.20,
V1,KOTTIVAKKAM,Aranganathan Subway,New Boag Road,R2,6.22,
V1,KOTTIVAKKAM,West Mambalam,Govindan Road,R2,6.25,
V1,KOTTIVAKKAM,Ashok Nagar,10th Avenue,R2,6.27,
V1,KOTTIVAKKAM,Udayam Complex,Anna Main Road,R2,6.28,
V1,KOTTIVAKKAM,Vadapalani,Javaharlal Nehru Road,R2,6.36,
V1,KOTTIVAKKAM,M.M.D.A,Javaharlal Nehru Road,R2,6.38,
V1,KOTTIVAKKAM,Arumbakkam,poonamallee High road,R2,6.41,
V1,KOTTIVAKKAM,Thirumangalam,Bazar Road,R2,6.50,
V1,KOTTIVAKKAM,Collectror Nagar,Bazar Road,R2,6.55,
V1,KOTTIVAKKAM,Ambatur Tele.Exchange,C.T.H. Road,R2,7.10,
V1,KOTTIVAKKAM,Dunlop,C.T.H. Road,R2,7.15,
V1,KOTTIVAKKAM,Ambattur OT,C.T.H. Road,R2,7.15,
V1,KOTTIVAKKAM,Thirumullaivoyal,C.T.H. Road,R2,7.25,
V1,KOTTIVAKKAM,Avadi,C.T.H. Road,R1,7.30,
V1,KOTTIVAKKAM,Vel Tech Univ,Veltech - Alamathi Road,R1,7.40,
V1,KOTTIVAKKAM,Vel Tech Anna campus,Veltech - Alamathi Road,R1,7.45,3.45 pm
V2,MADIPAKKAM,Pallikaranai,Main road,R2,5.50,
V2,MADIPAKKAM,Kamatchi Hospital,Main road,R2,5.52,
V2,MADIPAKKAM,Kilkattalai MTC B.T,Medavakkam Main Road,R2,5.52,
V2,MADIPAKKAM,Ullagaram,Medavakkam Main Road,R2,5.56,
V2,MADIPAKKAM,Nanganallur,West Karikalan Street,R2,6.00,
V2,MADIPAKKAM,Meenambakkam,G.S.T. Road,R2,6.05,
V2,MADIPAKKAM,Trisoolam,G.S.T. Road,R2,6.12,
V2,MADIPAKKAM,Pallavaram Mars Hotel,Pammal Main Road,R2,6.25,
V2,MADIPAKKAM,Anakaputhur,Kamaraj Salai,R2,6.30,
V2,MADIPAKKAM,Kundrathur,Jawaharlal Nehru MainRd,R2,6.35,
V2,MADIPAKKAM,Chikkarayapuram,Kundrathur Main Road,R2,6.42,
V2,MADIPAKKAM,Mangadu,Kundrathur Main Road,R2,6.48,
V2,MADIPAKKAM,Kumanan Chavadi,Kundrathur Main Road,R2,6.50,
V2,MADIPAKKAM,Karayan Chavadi,Avadi-Poonamallee Road,R2,6.55,
V2,MADIPAKKAM,Viraraghavapuram,Avadi-Poonamallee Road,R2,6.58,
V2,MADIPAKKAM,Paruthipattu,Avadi-Poonamallee Road,R2,7.04,
V2,MADIPAKKAM,Avadi Market,Kamaraj Nagar Main Rd.,R2,7.06,
V2,MADIPAKKAM,Avadi Ramarathna,Avadi-Poonamallee Road,R2,7.15,
V2,MADIPAKKAM,Avadi Bus Terminus,C.T.H. Road,R1,7.35,
V2,MADIPAKKAM,Vel Tech Univ,Veltech - Alamathi Road,R1,7.42,
V2,MADIPAKKAM,Vel Tech Anna campus,Veltech - Alamathi Road,R1,7.45,3.45 PM
V3A,MEDAVAKKAM - EAST THAMBARAM,Perumbakkam,MAIN ROAD,R2,5.45,6.00
V3A,MEDAVAKKAM - EAST THAMBARAM,Medavakkam,MEDAVAKKAM MAIN ROAD,R2,5.50,
V3A,MEDAVAKKAM - EAST THAMBARAM,Sempakkam,Main Road,R2,5.52,
V3A,MEDAVAKKAM - EAST THAMBARAM,Kamarajapuram,Main Road,R2,5.54,
V3A,MEDAVAKKAM - EAST THAMBARAM,Selaiyur,Camp road,R2,5.56,
V3A,MEDAVAKKAM - EAST THAMBARAM,Camp Road Signal,Camp road,R2,5.58,
V3A,MEDAVAKKAM - EAST THAMBARAM,East Thambaram,Camp road,R2,6.00,
V3A,MEDAVAKKAM - EAST THAMBARAM,Tambaram Rly. Station,G.S.T. Road,R2,6.02,
V3A,MEDAVAKKAM - EAST THAMBARAM,Chrompet MIT,G.S.T. Road,R2,6.10,
V3A,MEDAVAKKAM - EAST THAMBARAM,Chrompet B.S.,G.S.T. Road,R2,6.18,
V3A,MEDAVAKKAM - EAST THAMBARAM,Thiruneermalai,Main Road,R2,6.25,
V3A,MEDAVAKKAM - EAST THAMBARAM,Anakaputhur,Kamaraj Salai,R2,6.28,
V3A,MEDAVAKKAM - EAST THAMBARAM,Moondram kattalai,Kamaraj Salai,R2,6.30,
V3A,MEDAVAKKAM - EAST THAMBARAM,Kundrathur,Jawaharlal Nehru MainRd,R2,6.35,
V3A,MEDAVAKKAM - EAST THAMBARAM,Chikkarayapuram,Kundrathur Main Road,R2,6.42,
V3A,MEDAVAKKAM - EAST THAMBARAM,Mangadu,Kundrathur Main Road,R2,6.48,
V3A,MEDAVAKKAM - EAST THAMBARAM,Kumanan Chavadi,Kundrathur Main Road,R2,6.50,
V3A,MEDAVAKKAM - EAST THAMBARAM,Karayan Chavadi,Avadi-Poonamallee Road,R2,6.55,
V3A,MEDAVAKKAM - EAST THAMBARAM,Viraraghavapuram,Avadi-Poonamallee Road,R2,6.58,
V3A,MEDAVAKKAM - EAST THAMBARAM,Paruthipattu,Avadi-Poonamallee Road,R2,7.04,
V3A,MEDAVAKKAM - EAST THAMBARAM,Avadi Market,Kamaraj Nagar Main Rd.,R2,7.06,
V3A,MEDAVAKKAM - EAST THAMBARAM,Avadi Ramarathna,Avadi-Poonamallee Road,R2,7.15,
V3A,MEDAVAKKAM - EAST THAMBARAM,Avadi Bus Terminus,C.T.H. Road,R1,7.35,
V3A,MEDAVAKKAM - EAST THAMBARAM,Vel Tech Univ,Veltech - Alamathi Road,R1,7.42,
V3A,MEDAVAKKAM - EAST THAMBARAM,Vel Tech Anna campus,Veltech - Alamathi Road,R1,7.45,3.45
V3B,KOVUR,Kovur Bridge,Kunrathur Main Road,R2,6.32,
V3B,KOVUR,Bai Kadai,Kunrathur Main Road,R2,6.35,
V3B,KOVUR,Madhanandhapuram,Kunrathur Main Road,R2,6.38,
V3B,KOVUR,Porur,Mount-Poonamallee Road,R2,6.42,
V3B,KOVUR,Ayyappathangal,Mount-Poonamallee Road,R2,6.48,
V3B,KOVUR,Kumanan Chavadi,Mount-Poonamallee Road,R2,6.55,
V3B,KOVUR,Karayan Chavadi,Mount-Poonamallee Road,R2,6.58,
V3B,KOVUR,Senneer kuppam,Avadi Road,R2,7.04,
V3B,KOVUR,Govardhanagiri,Avadi Road,R2,7.06,
V3B,KOVUR,Avadi Market,Avadi-Poonamallee Road,R2,7.10,
V3B,KOVUR,Avadi Ramarathna,C.T.H. Road,R2,7.35,
V3B,KOVUR,Avadi Bus Terminus,Avadi - Veltech Road,R1,7.38,
V3B,KOVUR,Vel Junction (North),Veltech-Alamathi Road,R1,7.40,
V3B,KOVUR,Veltech Univ,Veltech-Alamathi Road,R1,7.42,
V3B,KOVUR,Vel Tech Anna campus,Veltech - Alamathi Road,R1,7.45,3.45
V4A,PATTINAPAKKAM,Pattinapakkam Signal,Santhome High Road,R2,6.05,5.30
V4A,PATTINAPAKKAM,Mandaveli,Venkatakrishna Road,R2,6.07,
V4A,PATTINAPAKKAM,Mylapore Tank,R.K. Mutt Road,R2,6.10,
V4A,PATTINAPAKKAM,Mylapore Luz Corner,Kutchery Road,R2,6.12,
V4A,PATTINAPAKKAM,Santhome Church,Santhome High Road,R2,6.15,
V4A,PATTINAPAKKAM,Vivekananda House,Besant Road,R2,6.18,
V4A,PATTINAPAKKAM,Jam Bazar,Triplicane High Road,R2,6.25,
V4A,PATTINAPAKKAM,Star Theatre,Triplicane High Road,R2,6.27,
V4A,PATTINAPAKKAM,Adam Market,Triplicane High Road,R2,6.31,
V4A,PATTINAPAKKAM,Kalaivanar Arangam,Walaja Road,R2,6.33,
V4A,PATTINAPAKKAM,Chepauk Stadium,Walaja Road,R2,6.35,
V4A,PATTINAPAKKAM,Madras University,Kamarajar Salai,R2,6.37,
V4A,PATTINAPAKKAM,All India Radio,Santhome High Road,R2,6.38,
V4A,PATTINAPAKKAM,R.B.I.,Rajaji Salai,R2,6.40,
V4A,PATTINAPAKKAM,Beach station,Rajaji Salai,R2,6.42,
V4A,PATTINAPAKKAM,Mannady,Rajaji Salai,R2,6.45,
V4A,PATTINAPAKKAM,Mint,Basin Bridge Road,R2,6.47,
V4A,PATTINAPAKKAM,Vyasarpadi,Erukanchery High Road,R2,6.50,
V4A,PATTINAPAKKAM,Ambedhkar college,G.N.T. Road,R2,6.52,
V4A,PATTINAPAKKAM,Sharma nagar,G.N.T. Road,R2,6.54,
V4A,PATTINAPAKKAM,Erukkancherry,G.N.T. Road,R2,6.57,
V4A,PATTINAPAKKAM,Moolakadai,G.N.T. Road,R2,7.00,
V4A,PATTINAPAKKAM,Madhavaram Ring Road,G.N.T. Road,R2,7.05,
V4A,PATTINAPAKKAM,Puzhal,G.N.T. Road,R2,7.10,
V4A,PATTINAPAKKAM,Red Hills,Thiruvallur Redhills Road,R1,7.20,
V4A,PATTINAPAKKAM,Veltech Univ,Veltech-Alamathi Road,R1,7.40,
V4A,PATTINAPAKKAM,Vel Tech Anna campus,Veltech - Alamathi Road,R1,7.45,3.45
V5,ENNORE,Chinnakuppam,Kathivakkam Road,R2,5.52,
V5,ENNORE,Periyakuppam,Kathivakkam Road,R2,5.54,
V5,ENNORE,Thalanguppam,Kathivakkam Road,R2,5.55,
V5,ENNORE,High school,Ennore High Road,R2,5.58,
V5,ENNORE,Ennore depot,Ennore High Road,R2,6.00,
V5,ENNORE,Foundry,Ennore High Road,R2,6.02,
V5,ENNORE,Ashok Ley Land,Ennore High Road,R2,6.04,
V5,ENNORE,Anna nagar,Ennore High Road,R2,6.06,
V5,ENNORE,E.T.P.S,Ennore High Road,R2,6.08,
V5,ENNORE,Ernavoor,Ennore High Road,R2,6.10,
V5,ENNORE,Murugan Koil,Ennore High Road,R2,6.12,
V5,ENNORE,Mullai Nagar,Manali High Road,R2,6.14,
V5,ENNORE,Murugappa nagar,Manali High Road,R2,6.18,
V5,ENNORE,Sadaiyankuppam,Manali High Road,R2,6.20,
V5,ENNORE,CPCL,Manali High Road,R2,6.22,
V5,ENNORE,Manali Market,Nedunchezian Road,R2,6.24,
V5,ENNORE,MMDA,Kamarajar Salai,R2,6.28,
V5,ENNORE,Mathur,Kamarajar Salai,R2,6.30,
V5,ENNORE,Kosappur,Main road,R2,6.33,
V5,ENNORE,Vadaperumpakkam,Kamarajar Salai,R2,6.40,
V5,ENNORE,Grand lIne,Kamarajar Salai,R2,6.48,
V5,ENNORE,Vadakarai,Kamarajar Salai,R2,7.00,
V5,ENNORE,Redhills,Thiruvallur Redhills Road,R1,7.10,
V5,ENNORE,Vel Junction(South),Veltech-Alamathi Road,R1,7.35,
V5,ENNORE,Veltech Univ,Veltech-Alamathi Road,R1,7.40,
V5,ENNORE,Vel Tech Anna campus,Veltech - Alamathi Road,R1,7.45,3.45 PM
V6,SAIDAPET,SAIDAPET,Depo,R2,6.00,5.30
V6,SAIDAPET,Saidapet Court,Mount Road,R2,6.02,
V6,SAIDAPET,Raj Bhavan,Sardar Patel Road,R2,6.05,
V6,SAIDAPET,Guindy railway station,Anna salai,R2,6.00,
V6,SAIDAPET,Ambal Nagar-Ekattuthangal,Jawaharlal Nehru Road,R2,6.03,
V6,SAIDAPET,Jafferkhanpet,Jawaharlal Nehru Road,R2,6.05,
V6,SAIDAPET,Kasi Theatre,Jawaharlal Nehru Road,R2,6.10,
V6,SAIDAPET,K.K. Nagar,East Vannier Street,R2,6.13,
V6,SAIDAPET,Pondichery House,Vannier Street,R2,6.15,
V6,SAIDAPET,Virugambakkam Avichi,Arcot Road,R2,6.20,
V6,SAIDAPET,Elango Nagar,Kaliamman Koil Street,R2,6.22,
V6,SAIDAPET,Sai Nagar,Kaliamman Koil Street,R2,6.25,
V6,SAIDAPET,Sri Ayyappan Nagar,Kaliamman Koil Street,R2,6.28,
V6,SAIDAPET,Chinmaya Nagar,Kaliamman Koil Street,R2,6.30,
V6,SAIDAPET,Koyambedu Rountana,Poonamallee High Road,R2,6.35,
V6,SAIDAPET,Nerkundram,Poonamallee High Road,R2,6.38,
V6,SAIDAPET,Madhuravoyal,Poonamallee High Road,R2,6.40,
V6,SAIDAPET,Vanagaram,Poonamallee High Road,R2,6.43,
V6,SAIDAPET,Kumar Theater,Poonamallee High Road,R2,6.45,
V6,SAIDAPET,Vellappanchavadi,Poonamallee High Road,R2,6.48,
V6,SAIDAPET,Govardhanagiri,Avadi-Poonamallee Road,R2,7.05,
V6,SAIDAPET,Avadi,C.T.H. Road,R1,7.15,
V6,SAIDAPET,Veltech Univ,Veltech-Alamathi Road,R1,7.40,
V6,SAIDAPET,Vel Tech Anna campus,Veltech - Alamathi Road,R1,7.45,3.45
V7A,MANALI NEW TOWN,Manali New Town,Ponneri Road,R2,6.10,5.35
V7A,MANALI NEW TOWN,Manali N.T Market,Kamarajar Salai,R2,6.12,
V7A,MANALI NEW TOWN,Milk Booth,Milk Colony Road,R2,6.14,
V7A,MANALI NEW TOWN,Rajivgandhi Nagar,Rizwan Road,R2,6.16,
V7A,MANALI NEW TOWN,Andarkuppam,Kamarajar Salai,R2,6.18,
V7A,MANALI NEW TOWN,SRF company,Kamarajar Salai,R2,6.20,
V7A,MANALI NEW TOWN,Manali Bus stand,Kamarajar Salai,R2,6.22,
V7A,MANALI NEW TOWN,Manali Market,Kamarajar Salai,R2,6.25,
V7A,MANALI NEW TOWN,MMDA,Kamarajar Salai,R2,6.35,
V7A,MANALI NEW TOWN,Mathur,Kamarajar Salai,R2,6.40,
V7A,MANALI NEW TOWN,veterinary College,Milk Colony Road,R2,6.45,
V7A,MANALI NEW TOWN,Main Gate,Milk Colony Road,R2,6.50,
V7A,MANALI NEW TOWN,Arul nagar,Milk Colony Road,R2,6.52,
V7A,MANALI NEW TOWN,Medimix,Kamaraj Road,R2,6.53,
V7A,MANALI NEW TOWN,ThapalPetti,Madhavaram High Road,R2,6.54,
V7A,MANALI NEW TOWN,Madhavaram B.T.,Madhavaram High Road,R2,6.55,
V7A,MANALI NEW TOWN,Madhavaram Ring Road,G.N.T. Road,R2,7.00,
V7A,MANALI NEW TOWN,Puzhal,G.N.T. Road,R2,7.05,
V7A,MANALI NEW TOWN,Redhills,Thiruvallur Redhills Road,R1,7.10,
V7A,MANALI NEW TOWN,Veltech Univ,Veltech-Alamathi Road,R1,7.40,
V7A,MANALI NEW TOWN,Vel Tech Anna campus,Veltech - Alamathi Road,R1,7.45,3.45
V8,TEYNAMPET,Teynampet,Anna salai road,R2,6.00,5.45 PM
V8,TEYNAMPET,Alwarpet,Anna salai road,R2,6.05,
V8,TEYNAMPET,Anna salai,Anna salai road,R2,6.07,
V8,TEYNAMPET,6.07,Pudhupet,R2,6.09,
V8,TEYNAMPET,6.09,Egmore,R2,6.12,
V8,TEYNAMPET,EVR periyar,EVR periyar Salai,R2,6.14,
V8,TEYNAMPET,pachaiyappas college,poonamalle road,R2,6.16,
V8,TEYNAMPET,Kilpauk garden,poonamalle road,R2,6.20,
V8,TEYNAMPET,Purasawalkam,Purasawalkam High Road,R2,6.25,
V8,TEYNAMPET,Kellys,Medavakkam Tank Road,R2,6.30,
V8,TEYNAMPET,ESI Hospital,Medavakkam Tank Road,R2,6.35,
V8,TEYNAMPET,Ayanavaram Joint Office,Konnur High Road,R2,6.37,
V8,TEYNAMPET,ICF East Colony,Konnur High Road,R2,6.40,
V8,TEYNAMPET,Villivakkam Nathamuni,Konnur High Road,R2,6.45,
V8,TEYNAMPET,TVS Lucas,100 feet road,R2,6.47,
V8,TEYNAMPET,Padi,C.T.H. Road,R2,6.49,
V8,TEYNAMPET,Ambattur Estate,C.T.H. Road,R2,6.51,
V8,TEYNAMPET,Telephone Exchange,C.T.H. Road,R2,6.53,
V8,TEYNAMPET,Ambattur O.T.,C.T.H. Road,R2,6.58,
V8,TEYNAMPET,Avadi,C.T.H. Road,R1,7.20,
V8,TEYNAMPET,Vel Junction (North),Avadi - Veltech Road,R1,7.40,
V8,TEYNAMPET,Veltech Univ,Veltech-Alamathi Road,R1,7.42,
V8,TEYNAMPET,Vel Tech Anna campus,Veltech - Alamathi Road,R1,7.50,3.45 PM
V8S,ANNA NAGAR - K4 POLICE STATION,Water Tank,New Avadi Road,R2,6.15,5.15
V8S,ANNA NAGAR - K4 POLICE STATION,Chindhamani,6th Avenue,R2,6.20,
V8S,ANNA NAGAR - K4 POLICE STATION,K4 Police Station,6th Avenue,R2,6.25,
V8S,ANNA NAGAR - K4 POLICE STATION,Gandhi Nagar Hospital,Mani Road,R2,6.30,
V8S,ANNA NAGAR - K4 POLICE STATION,ICF BS,Mani Road,R2,6.40,
V8S,ANNA NAGAR - K4 POLICE STATION,Villivakkam Nathamuni,Konnur High Road,R2,6.42,
V8S,ANNA NAGAR - K4 POLICE STATION,TVS Lucas,100 feet road,R2,6.44,
V8S,ANNA NAGAR - K4 POLICE STATION,Padi,C.T.H. Road,R2,6.46,
V8S,ANNA NAGAR - K4 POLICE STATION,Ambattur Estate,C.T.H. Road,R2,6.48,
V8S,ANNA NAGAR - K4 POLICE STATION,Telephone Exchange,C.T.H. Road,R2,6.53,
V8S,ANNA NAGAR - K4 POLICE STATION,Ambattur O.T.,C.T.H. Road,R2,7.10,
V8S,ANNA NAGAR - K4 POLICE STATION,Avadi,C.T.H. Road,R1,7.35,
V8S,ANNA NAGAR - K4 POLICE STATION,Vel Junction (North),Avadi - Veltech Road,R1,7.40,
V8S,ANNA NAGAR - K4 POLICE STATION,Veltech Univ,Veltech-Alamathi Road,R1,7.45,
V8S,ANNA NAGAR - K4 POLICE STATION,Vel Tech Anna campus,Veltech - Alamathi Road,R1,7.50,3.45
V8A,AYYAPAKKAM E.B,Annanur junction,Ayappakkam Road,R2,7.00,
V8A,AYYAPAKKAM E.B,Chinnaman koil,Ayappakkam Road,R2,7.02,
V8A,AYYAPAKKAM E.B,Avadi Market,Avadi-Poonamallee Road,R2,7.04,
V8A,AYYAPAKKAM E.B,Avadi,C.T.H. Road,R1,7.10,
V8A,AYYAPAKKAM E.B,Veltech Univ,Veltech-Alamathi Road,R1,7.37,
V8A,AYYAPAKKAM E.B,Vel Tech Anna campus,Veltech - Alamathi Road,R1,7.40,3.45 PM
V9,AMBEDHKAR COLLEGE,Ambedhkar college,Melapati-Ponnappa Street,R2,6.05,
V9,AMBEDHKAR COLLEGE,Vyasarpadi,Perambur Main Road,R2,6.08,
V9,AMBEDHKAR COLLEGE,Perambur B.P. Road,B.P. Road,R2,6.10,
V9,AMBEDHKAR COLLEGE,Eswarikalyanamandapam,B.P. Road,R2,6.20,
V9,AMBEDHKAR COLLEGE,Lakshmi Amman koil,B.P. Road,R2,6.22,
V9,AMBEDHKAR COLLEGE,Revathy store,B.P. Road,R2,6.24,
V9,AMBEDHKAR COLLEGE,Perambur Market,B.P. Road,R2,6.26,
V9,AMBEDHKAR COLLEGE,Peravllur,Paper Mills Road,R2,6.30,
V9,AMBEDHKAR COLLEGE,Periyar Nagar,Paper Mills Road,R2,6.33,
V9,AMBEDHKAR COLLEGE,Kolathur Welding shop,Paper Mills Road,R2,6.36,
V9,AMBEDHKAR COLLEGE,Kolathur Moogambiga,Paper Mills Road,R2,6.40,
V9,AMBEDHKAR COLLEGE,Ganga Cuavery,60 Ft.Road,R2,6.42,
V9,AMBEDHKAR COLLEGE,Poombokar Nagar,1 st Main Road,R2,6.43,
V9,AMBEDHKAR COLLEGE,Don Bosco school,Kolathur road,R2,6.45,
V9,AMBEDHKAR COLLEGE,Rajamangalam Police Station,Kolathur road,R2,6.47,
V9,AMBEDHKAR COLLEGE,Senthil Nagar,Kolathur road,R2,6.49,
V9,AMBEDHKAR COLLEGE,Lakshmipuram,Redhills Road,R2,6.51,
V9,AMBEDHKAR COLLEGE,Vinayagapuram,Redhills Road,R2,6.52,
V9,AMBEDHKAR COLLEGE,Surapet,Redhills Road,R2,6.54,
V9,AMBEDHKAR COLLEGE,Kallikuppam,Redhills Road,R2,6.56,
V9,AMBEDHKAR COLLEGE,Pudhur,Redhills Road,R2,6.58,
V9,AMBEDHKAR COLLEGE,Oragadam,Redhills Road,R2,7.00,
V9,AMBEDHKAR COLLEGE,Singapore complex,C.T.H Road,R2,7.07,
V9,AMBEDHKAR COLLEGE,Avadi,C.T.H Road,R1,7.20,
V9,AMBEDHKAR COLLEGE,Vel Junction (North),Avadi - Veltech Road,R1,7.40,
V9,AMBEDHKAR COLLEGE,Veltech Univ,Veltech-Alamathi Road,R1,7.45,
V9,AMBEDHKAR COLLEGE,Vel Tech Anna campus,Veltech - Alamathi Road,R1,7.50,3.45 PM
V10,THIRUVALLUR,Thiruvallur Theradi,Theradi Road,R2,6.20,
V10,THIRUVALLUR,Kakkalur,C.T.H. Road,R2,6.30,
V10,THIRUVALLUR,Sevapettai,C.T.H. Road,R2,6.40,
V10,THIRUVALLUR,Veppampattu,C.T.H. Road,R2,6.45,
V10,THIRUVALLUR,Thiruninravur,C.T.H. Road,R2,6.50,
V10,THIRUVALLUR,Pattabiram,C.T.H. Road,R2,6.55,
V10,THIRUVALLUR,Hindu College,C.T.H. Road,R2,7.00,
V10,THIRUVALLUR,Sekkadu,C.T.H. Road,R2,7.05,
V10,THIRUVALLUR,Avadi,C.T.H Road,R1,7.15,
V10,THIRUVALLUR,Vel tech South Junction,Avadi-Veltech Road,R1,7.35,
V10,THIRUVALLUR,Veltech Univ,Veltech-Alamathi Road,R1,7.37,
V10,THIRUVALLUR,Vel Tech Anna campus,Veltech - Alamathi Road,R1,7.45,3.45
V10S,KANTHANKOLLAI,KANTHANKOLLAI,C.T.H. Road,R2,6.30,
V10S,KANTHANKOLLAI,Veppampattu,C.T.H. Road,R2,6.40,
V10S,KANTHANKOLLAI,Thiruninravur,C.T.H. Road,R2,6.50,
V10S,KANTHANKOLLAI,Pattabiram,C.T.H. Road,R2,6.55,
V10S,KANTHANKOLLAI,Hindu College,C.T.H. Road,R2,7.00,
V10S,KANTHANKOLLAI,Pattabiram Chathiram,Pattabiram Airforce Road,R2,7.05,
V10S,KANTHANKOLLAI,Muthapudupet,Airforce Road,R1,7.12,
V10S,KANTHANKOLLAI,Airforce,Airforce Road,R1,7.15,
V10S,KANTHANKOLLAI,CRPF,CRPF-Vel Tech Road,R1,7.20,
V10S,KANTHANKOLLAI,Vel tech South Junction,Avadi-Veltech Road,R1,7.35,
V10S,KANTHANKOLLAI,Veltech Univ,Veltech-Alamathi Road,R1,7.37,
V10S,KANTHANKOLLAI,Vel Tech Anna campus,Veltech - Alamathi Road,R1,7.45,3.45
V11,KODUNGAIYUR,Kanadhasan nagar,Kamaraj Road,R2,6.00,5.45
V11,KODUNGAIYUR,Muthamizh nagar,Kamaraj Road,R2,6.02,
V11,KODUNGAIYUR,kanadhasan nagar depo,Meenammal Road,R2,6.03,
V11,KODUNGAIYUR,Muthukumaraswamy college,Kamaraj Road,R2,6.04,
V11,KODUNGAIYUR,M.R Nagar,Kamaraj Road,R2,6.06,
V11,KODUNGAIYUR,Pavithra Hospital,Kamaraj Road,R2,6.08,
V11,KODUNGAIYUR,Erruckancherry,Kamaraj Road,R2,6.10,
V11,KODUNGAIYUR,Moolakadai P.O.,Madhavaram High Road,R2,6.12,
V11,KODUNGAIYUR,Donbosco Schools,Ottraivaadai Street,R2,6.13,
V11,KODUNGAIYUR,Kennedy Square,Ottraivaadai Street,R2,6.14,
V11,KODUNGAIYUR,Thiru Vi ka Nagar,S.P.Koil Street,R2,6.16,
V11,KODUNGAIYUR,Agaram,Paper Mills Road,R2,6.18,
V11,KODUNGAIYUR,DonBosco Church,Paper Mills Road,R2,6.20,
V11,KODUNGAIYUR,Peravallur,Paper Mills Road,R2,6.21,
V11,KODUNGAIYUR,Welding shop,Paper Mills Road,R2,6.23,
V11,KODUNGAIYUR,Kolathur Mookambiga,Paper Mills Road,R2,6.25,
V11,KODUNGAIYUR,Retteri Signal,100ft. Road,R2,6.28,
V11,KODUNGAIYUR,Madhavaram Roundana,G.N.T. Road,R2,6.32,
V11,KODUNGAIYUR,Puzhal,G.N.T. Road,R2,6.36,
V11,KODUNGAIYUR,kavakarai,G.N.T. Road,R2,6.38,
V11,KODUNGAIYUR,Redhills,Thiruvallur Redhills Road,R1,6.40,
V11,KODUNGAIYUR,Vel Junction (North),Avadi - Veltech Road,R1,7.35,
V11,KODUNGAIYUR,Veltech Univ,Veltech-Alamathi Road,R1,7.37,
V11,KODUNGAIYUR,Vel Tech Anna campus,Veltech - Alamathi Road,R1,7.45,3.45
V12,UTHUKOTTAI,UTHUKOTTAI,Periyapalyam - Uthukottai Road,R2,6.15,5.45 PM
V12,UTHUKOTTAI,MGR nagar,Periyapalyam - Uthukottai Road,R2,6.25,
V12,UTHUKOTTAI,Karachi,Periyapalyam - Uthukottai Road,R2,6.35,
V12,UTHUKOTTAI,Perandur,Periyapalyam - Uthukottai Road,R2,6.40,
V12,UTHUKOTTAI,Perambur Pattai,Periyapalyam - Uthukottai Road,R2,6.45,
V12,UTHUKOTTAI,Thandalam,Periyapalyam - Uthukottai Road,R2,6.50,
V12,UTHUKOTTAI,Periyapalayam Bus Stand,Periyapalyam - Uthukottai Road,R2,6.55,
V12,UTHUKOTTAI,Vadamathurai,Peryapalyam -Thiruvallur Road,R2,7.00,
V12,UTHUKOTTAI,Vengal,Peryapalyam -Thiruvallur Road,R2,7.05,
V12,UTHUKOTTAI,Vengal X Road,Peryapalyam -Thiruvallur Road,R2,7.10,
V12,UTHUKOTTAI,Thamaraipakkam X Road,Peryapalyam -Thiruvallur Road,R1,7.15,
V12,UTHUKOTTAI,Magalgandigai,Redhills -Thiruvallur Road,R1,7.20,
V12,UTHUKOTTAI,Koduvalli,Redhills -Thiruvallur Road,R1,7.25,
V12,UTHUKOTTAI,Poochiatthipedu,Redhills -Thiruvallur Road,R1,7.30,
V12,UTHUKOTTAI,Bangarupettai,Avadi-veerapuram Road,R1,7.35,
V12,UTHUKOTTAI,Veerapuram,Vel Tech Alamathi Road,R1,7.40,
V12,UTHUKOTTAI,Veltech Univ,Veltech-Alamathi Road,R1,7.45,
V12,UTHUKOTTAI,Vel Tech Anna campus,Veltech - Alamathi Road,R1,7.50,3.45 PM
V13,THIRU VI KA NAGAR,Moolakadai,GNT Road,R2,6.45,
V13,THIRU VI KA NAGAR,Brindha,Paper Mills Road,R2,6.50,
V13,THIRU VI KA NAGAR,Thiru Vi ka Nagar,S.P.Koil Street,R2,6.55,
V13,THIRU VI KA NAGAR,Agaram,Paper Mills Road,R2,7.00,
V13,THIRU VI KA NAGAR,Kolathur DonBosco,Paper Mills Road,R2,7.03,
V13,THIRU VI KA NAGAR,Peravallur,Paper Mills Road,R2,7.08,
V13,THIRU VI KA NAGAR,Kolathur Welding shop,Paper Mills Road,R2,7.12,
V13,THIRU VI KA NAGAR,Kolathur Mookambiga,Paper Mills Road,R2,7.18,
V13,THIRU VI KA NAGAR,Retteri Signal,100ft. Road,R2,7.25,
V13,THIRU VI KA NAGAR,Madhavaram Roundana,G.N.T. Road,R2,7.30,
V13,THIRU VI KA NAGAR,Puzhal,G.N.T. Road,R2,7.35,
V13,THIRU VI KA NAGAR,kavakarai,G.N.T. Road,R2,7.40,
V13,THIRU VI KA NAGAR,Redhills,Thiruvallur Redhills Road,R1,7.45,
V13,THIRU VI KA NAGAR,Veltech Univ,Veltech-Alamathi Road,R1,7.50,
V13,THIRU VI KA NAGAR,Vel Tech Anna campus,Veltech - Alamathi Road,R1,7.55,3.45
V14,MELUR-MINJUR-PONNERI,Melur,Ponneri Road,R2,6.10,5.25
V14,MELUR-MINJUR-PONNERI,Nandhiyambakkam,Ponneri Road,R2,6.12,
V14,MELUR-MINJUR-PONNERI,B.D.O Office,Ponneri Road,R2,6.15,
V14,MELUR-MINJUR-PONNERI,Minjur Rly.Station,Ponneri Road,R2,6.17,
V14,MELUR-MINJUR-PONNERI,Minjur,Ponneri Road,R2,6.20,
V14,MELUR-MINJUR-PONNERI,Kesavapuram,Ponneri Road,R2,6.23,
V14,MELUR-MINJUR-PONNERI,Nalur,Ponneri Road,R2,6.25,
V14,MELUR-MINJUR-PONNERI,Mettupalayam,Ponneri Road,R2,6.28,
V14,MELUR-MINJUR-PONNERI,Pulikulam,Ponneri Road,R2,6.30,
V14,MELUR-MINJUR-PONNERI,Vembakkam,Ponneri Road,R2,6.35,
V14,MELUR-MINJUR-PONNERI,Ponneri,Thatchur Road,R2,6.40,
V14,MELUR-MINJUR-PONNERI,Krishnapuram,Thatchur Road,R2,6.42,
V14,MELUR-MINJUR-PONNERI,Andarkuppam,Thatchur Road,R2,6.41,
V14,MELUR-MINJUR-PONNERI,Thatchur,G.N.T. Road,R2,6.43,
V14,MELUR-MINJUR-PONNERI,Thatchur Koot Road,G.N.T. Road,R2,6.45,
V14,MELUR-MINJUR-PONNERI,Pancheti,G.N.T. Road,R2,6.50,
V14,MELUR-MINJUR-PONNERI,Karanodai,G.N.T. Road,R2,6.55,
V14,MELUR-MINJUR-PONNERI,Padianallur,G.N.T. Road,R2,7.15,
V14,MELUR-MINJUR-PONNERI,Redhills,Redhills Main Road,R1,7.20,
V14,MELUR-MINJUR-PONNERI,Redhills Tel. Exchange,Thiruvallur Redhills Road,R1,7.25,
V14,MELUR-MINJUR-PONNERI,Redhills Gandhi Nagar,Thiruvallur Redhills Road,R1,7.35,
V14,MELUR-MINJUR-PONNERI,Veltech Univ,Veltech-Alamathi Road,R1,7.45,
V14,MELUR-MINJUR-PONNERI,Vel Tech Anna campus,Veltech - Alamathi Road,R1,7.50,3.45
V15,KASIMEDU,Kasimedu,Mannarsamy Koil Street,R2,6.00,5.35
V15,KASIMEDU,Flag street Main Road,Mannarsamy Koil Street,R2,6.02,
V15,KASIMEDU,Kalmandapam,Mannarsamy Koil Street,R2,6.05,
V15,KASIMEDU,Royapuram,Mannarsamy Koil Street,R2,6.10,
V15,KASIMEDU,Stanely,Old Jail Road,R2,6.15,
V15,KASIMEDU,Mint,Old Jail Road,R2,6.17,
V15,KASIMEDU,Basin Bridge,Main Road,R2,6.19,
V15,KASIMEDU,Choolai post office,Thiru Narayana Road,R2,6.22,
V15,KASIMEDU,Puliyanthope,Perambur Barracks Road,R2,6.24,
V15,KASIMEDU,Barracks Road,Perambur Barracks Road,R2,6.27,
V15,KASIMEDU,Dowtton,Perambur Barracks Road,R2,6.30,
V15,KASIMEDU,Otteri,Perambur Barracks Road,R2,6.32,
V15,KASIMEDU,Binny Mills,Cooks Road,R2,6.34,
V15,KASIMEDU,Jamaliya,Perambur High Road,R2,6.37,
V15,KASIMEDU,Sembiyum,Perambur High Road,R2,6.40,
V15,KASIMEDU,Venus,Perambur High Road,R2,6.43,
V15,KASIMEDU,Agaram,Perambur High Road,R2,6.46,
V15,KASIMEDU,Peravallur,Paper Mills Road,R2,6.48,
V15,KASIMEDU,Kolathur Welding shop,Paper Mills Road,R2,6.50,
V15,KASIMEDU,Kolathur Moogambiga,Paper Mills Road,R2,6.52,
V15,KASIMEDU,Retteri Signal,Paper Mills Road,R2,6.54,
V15,KASIMEDU,Madhavaram Ring Road,100 Ft. Road,R2,6.58,
V15,KASIMEDU,Puzhal,G.N.T. Road,R2,7.02,
V15,KASIMEDU,Redhills,G.N.T. Road,R1,7.15,
V15,KASIMEDU,Veltech Univ,Veltech-Alamathi Road,R1,7.38,
V15,KASIMEDU,Vel Tech Anna campus,Veltech - Alamathi Road,R1,7.40,3.45
V16,GUMMUDIPOONDI,Bazar,G.N.T. Road,R2,5.55,
V16,GUMMUDIPOONDI,Kavarapettai,G.N.T. Road,R2,6.05,
V16,GUMMUDIPOONDI,Pudhuvoyal,G.N.T. Road,R2,6.10,
V16,GUMMUDIPOONDI,Thatchur Koot Road,G.N.T. Road,R2,6.15,
V16,GUMMUDIPOONDI,Janapanchatram X Road,G.N.T. Road,R2,6.20,
V16,GUMMUDIPOONDI,Kanniputhur,Redhills - Peryapalyam Road,R2,6.25,
V16,GUMMUDIPOONDI,Vadamathurai,Peryapalyam -Thiruvallur Road,R2,6.35,
V16,GUMMUDIPOONDI,Vengal,Peryapalyam -Thiruvallur Road,R2,6.40,
V16,GUMMUDIPOONDI,Vengal X Road,Peryapalyam -Thiruvallur Road,R2,6.45,
V16,GUMMUDIPOONDI,Thamaraipakkam X Road,Peryapalyam -Thiruvallur Road,R1,6.50,
V16,GUMMUDIPOONDI,Magalgandigai,Redhills -Thiruvallur Road,R1,6.55,
V16,GUMMUDIPOONDI,Koduvalli,Redhills -Thiruvallur Road,R1,7.00,
V16,GUMMUDIPOONDI,Poochiatthipedu,Redhills -Thiruvallur Road,R1,7.10,
V16,GUMMUDIPOONDI,Bangarupettai,Avadi-veerapuram Road,R1,7.15,
V16,GUMMUDIPOONDI,Veerapuram,Vel Tech Alamathi Road,R1,7.20,
V16,GUMMUDIPOONDI,Veltech Univ,Veltech-Alamathi Road,R1,7.37,
V17,METHA NAGAR,Nungambakkam,Streling Road,R2,6.15,5.45
V17,METHA NAGAR,Mehta Nagar,Anna Arch Road,R2,6.35,
V17,METHA NAGAR,Anna Arch,2nd Avenue,R2,6.40,
V17,METHA NAGAR,Shanthi Colony,2nd Avenue,R2,6.45,
V17,METHA NAGAR,Thirumangalam,100ft. Road,R2,6.50,
V17,METHA NAGAR,Collector Nagar,Ambattur Estate Road,R2,6.55,
V17,METHA NAGAR,J.J. Nagar P.S,Valaiyapathi Road,R2,6.57,
V17,METHA NAGAR,Mugapper East T.N.H.B,Parl Road,R2,7.00,
V17,METHA NAGAR,J.J. Nagar B.T,Thiruvalluvar Road,R2,7.03,
V17,METHA NAGAR,7H Bus stand,Thiruvalluvar Road,R2,7.03,
V17,METHA NAGAR,Velammal School,Valaiyapathi Road,R2,7.05,
V17,METHA NAGAR,Mugapper West Depo,Main Road,R2,7.08,
V17,METHA NAGAR,Ambatuur Telephone Exchange,C.T.H. Road,R2,7.10,
V17,METHA NAGAR,Ambattur O.T.,C.T.H. Road,R2,7.15,
V17,METHA NAGAR,Thirumullaivoyal,C.T.H. Road,R2,7.20,
V17,METHA NAGAR,Avadi,Avadi-Veltech Road,R1,7.25,
V17,METHA NAGAR,Veltech Univ,Veltech-Alamathi Road,R1,7.40,
V17,METHA NAGAR,Vel Tech Anna campus,Veltech - Alamathi Road,R1,7.50,3.45
V18,THIRUVOTTRIYUR,Ernavoor,Kathivakkam High Road,R2,6.00,
V18,THIRUVOTTRIYUR,Mullainagar,Thiruvottriyur High Road,R2,6.02,
V18,THIRUVOTTRIYUR,Lift gate,Thiruvottriyur High Road,R2,6.05,
V18,THIRUVOTTRIYUR,Wimco,Thiruvottriyur High Road,R2,6.07,
V18,THIRUVOTTRIYUR,Ajax,Thiruvottriyur High Road,R2,6.10,
V18,THIRUVOTTRIYUR,Periyar Nagar,Thiruvottriyur High Road,R2,6.14,
V18,THIRUVOTTRIYUR,Thiruvottriyur,Thiruvottriyur High Road,R2,6.16,
V18,THIRUVOTTRIYUR,Theradi,Thiruvottriyur High Road,R2,6.18,
V18,THIRUVOTTRIYUR,Ellaiamman Koil,Thiruvottriyur High Road,R2,6.20,
V18,THIRUVOTTRIYUR,Kaladipet,Thiruvottriyur High Road,R2,6.22,
V18,THIRUVOTTRIYUR,Rajakadai,Thiruvottriyur High Road,R2,6.23,
V18,THIRUVOTTRIYUR,Thangal,Thiruvottriyur High Road,R2,6.25,
V18,THIRUVOTTRIYUR,Toll gate,Thiruvottriyur High Road,R2,6.27,
V18,THIRUVOTTRIYUR,Lakshmi Koil,Thiruvottriyur High Road,R2,6.29,
V18,THIRUVOTTRIYUR,Tondiarpet depot,Thiruvottriyur High Road,R2,6.31,
V18,THIRUVOTTRIYUR,Appollo,Thiruvottriyur High Road,R2,6.32,
V18,THIRUVOTTRIYUR,Old Wahermenpet,Thiruvottriyur High Road,R2,6.36,
V18,THIRUVOTTRIYUR,Manikoondu,Thiruvottriyur High Road,R2,6.38,
V18,THIRUVOTTRIYUR,Maharani Post office,Thiruvottriyur High Road,R2,6.40,
V18,THIRUVOTTRIYUR,Thyagaraja College,Thiruvottriyur High Road,R2,6.41,
V18,THIRUVOTTRIYUR,Mint,Thiruvottriyur High Road,R2,6.45,
V18,THIRUVOTTRIYUR,Basinbridge,Main road,R2,6.47,
V18,THIRUVOTTRIYUR,Sharma nagar,G.N.T. Road,R2,6.50,
V18,THIRUVOTTRIYUR,Erukkancherry,G.N.T. Road,R2,6.52,
V18,THIRUVOTTRIYUR,Moolakadai,G.N.T. Road,R2,7.05,
V18,THIRUVOTTRIYUR,Madhavaram Ring Road,100 Ft. Road,R2,7.20,
V18,THIRUVOTTRIYUR,Redhills,G.N.T. Road,R1,7.30,
V18,THIRUVOTTRIYUR,Veltech Univ,Veltech-Alamathi Road,R1,7.40,
V18,THIRUVOTTRIYUR,Vel Tech Anna campus,Veltech - Alamathi Road,R1,7.45,3.45 PM
V19,ROYAPETTAH,Royapettah Hospital,West Cott Road,R2,6.10,5.45
V19,ROYAPETTAH,Royapettah Towerclock,Whites Road,R2,6.15,
V19,ROYAPETTAH,Spencer Plaza,Binny Road,R2,6.16,
V19,ROYAPETTAH,Ethiraj College,Commander-in-chief Road,R2,6.17,
V19,ROYAPETTAH,CO-OPTEX,Pantheon Road,R2,6.19,
V19,ROYAPETTAH,Sankara Nethralaya,College Road,R2,6.22,
V19,ROYAPETTAH,Nungambakkam,Sterling Road,R2,6.25,
V19,ROYAPETTAH,Kodambakkam liberty,Arcot Road,R2,6.30,
V19,ROYAPETTAH,Vadapalani,100ft. Road,R2,6.33,
V19,ROYAPETTAH,MMDA,100ft. Road,R2,6.35,
V19,ROYAPETTAH,Koyambedu,100ft. Road,R2,6.40,
V19,ROYAPETTAH,Nerkundram,Poonamallee High Road,R2,6.45,
V19,ROYAPETTAH,Madhuravoyal,Poonamallee High Road,R2,6.47,
V19,ROYAPETTAH,Ambatuur Telephone Exchange,C.T.H. Road,R2,7.05,
V19,ROYAPETTAH,Ambattur O.T.,C.T.H. Road,R2,7.15,
V19,ROYAPETTAH,Thirumullaivoyal,C.T.H. Road,R2,7.20,
V19,ROYAPETTAH,Avadi,Avadi-Veltech Road,R1,7.25,
V19,ROYAPETTAH,Veltech Univ,Veltech-Alamathi Road,R1,7.40,
V19,ROYAPETTAH,Vel Tech Anna campus,Veltech - Alamathi Road,R1,7.50,3.45
V20,IOC,IOC,Thiruvottriyur High Road,R2,6.00,5.45
V20,IOC,Power house,Thiruvottriyur High Road,R2,6.05,
V20,IOC,Korukkupettai,Thiruvottriyur High Road,R2,6.15,
V20,IOC,Moolakadai,Madhavaram High Road,R2,6.20,
V20,IOC,Temple school,Madhavaram High Road,R2,6.35,
V20,IOC,Senthil nagar,100 ft Road,R2,6.35,
V20,IOC,D.R.Hospital,100 ft Road,R2,6.40,
V20,IOC,Thathankuppam,100 ft Road,R2,6.42,
V20,IOC,Padi,100 ft Road,R2,6.45,
V20,IOC,Korattur,Main road,R2,6.48,
V20,IOC,Telephone Exchange,C.T.H Road,R2,6.52,
V20,IOC,Ambattur Canara Bank,C.T.H Road,R2,6.56,
V20,IOC,Ambattur OT bus Stand,C.T.H Road,R2,7.00,
V20,IOC,Singapore Complex,C.T.H Road,R2,7.05,
V20,IOC,Thirumullaivoyal,C.T.H Road,R2,7.15,
V20,IOC,Murugappa Polytechnic,C.T.H Road,R2,7.18,
V20,IOC,Avadi,C.T.H Road,R1,7.20,
V20,IOC,Vel Junction,Avadi - Veltech Road,R1,7.35,
V20,IOC,Veltech Univ,Veltech-Alamathi Road,R1,7.37,
V20,IOC,Vel Tech Anna campus,Veltech - Alamathi Road,R1,7.45,3.45
V21,VALASARAVAKKAM,Valasaravakam,Arcot Road,R2,6.00,5.45
V21,VALASARAVAKKAM,Chinmai Nagar,Kaliamman Koil Street,R2,6.18,
V21,VALASARAVAKKAM,Nerkundram,Poonamallee High Road,R2,6.20,
V21,VALASARAVAKKAM,Madhuravoyal,Poonamallee High Road,R2,6.21,
V21,VALASARAVAKKAM,Vanagaram,Poonamallee High Road,R2,6.23,
V21,VALASARAVAKKAM,Kumar Theater,Poonamallee High Road,R2,6.25,
V21,VALASARAVAKKAM,Vellappanchavadi,Poonamallee High Road,R2,6.30,
V21,VALASARAVAKKAM,Senneer kuppam,By Pass Road,R2,7.00,
V21,VALASARAVAKKAM,Govardhanagiri,Avadi Road,R2,7.02,
V21,VALASARAVAKKAM,Avadi,C.T.H. Road,R1,7.15,
V21,VALASARAVAKKAM,Veltech Univ,Veltech-Alamathi Road,R1,7.45,
V21,VALASARAVAKKAM,Vel Tech Anna campus,Veltech - Alamathi Road,R1,7.50,3.45
V22,MMDA,MMDA,100ft. Road,R2,6.25,5.20
V22,MMDA,Arumbakkam,poonamallee High road,R2,6.35,
V22,MMDA,Panjali Amman Kovil,Poonamallee High Road,R2,6.38,
V22,MMDA,Vellappanchavadi,Poonamallee High Road,R2,7.00,
V22,MMDA,Sanjay Gandhi Nagar,Perumal Agaram Salai,R2,7.05,
V22,MMDA,Thiruverkadu Panchayat,Sivan Koil Street,R2,7.10,
V22,MMDA,Paruthipattu,Avadi-Poonamallee Road,R2,7.25,
V22,MMDA,Govardhanagiri,Avadi-Poonamallee Road,R2,7.30,
V22,MMDA,Avadi,C.T.H. Road,R1,7.35,
V22,MMDA,Veltech Univ,Veltech-Alamathi Road,R1,7.50,
V22,MMDA,Vel Tech Anna campus,Veltech - Alamathi Road,R1,7.55,3.45
V23,MADIPPAKKAM,Madipakkam,Pillayar Koil Street,R2,6.00,5.50
V23,MADIPPAKKAM,Velachery MTC B.T.,Velachery Main Road,R2,6.08,5.40
V23,MADIPPAKKAM,Gurunanak College,Velachery Main Road,R2,6.10,5.38
V23,MADIPPAKKAM,Velachery Checkpost,Velachery Road,R2,6.05,5.35
V23,MADIPPAKKAM,Guindy Race course  Road,Guindy Race course  Road,R2,6.10,5.28
V23,MADIPPAKKAM,Guindy Kathipara,Butt Road,R2,6.15,5.10
V23,MADIPPAKKAM,St. Thomas Mount Church,Butt Road,R2,6.17,5.05
V23,MADIPPAKKAM,Butt Road B.S.,Mount Poonamallee Road,R2,6.20,5.00
V23,MADIPPAKKAM,Nandambakkam CTC B.S.,Mount Poonamallee Road,R2,6.25,4.58
V23,MADIPPAKKAM,MIOT Hospitals,Mount Poonamallee Road,R2,6.27,4.55
V23,MADIPPAKKAM,"L&T, Ramapuram",Mount Poonamallee Road,R2,6.30,4.50
V23,MADIPPAKKAM,Mugalivakkam B.S.,Mount Poonamallee Road,R2,6.35,4.48
V23,MADIPPAKKAM,Porur,Mount Poonamallee Road,R2,6.40,4.45
V23,MADIPPAKKAM,Iyappanthangal,Mount Poonamallee Road,R2,6.45,4.42
V23,MADIPPAKKAM,Kattuppakkam,Mount Poonamallee Road,R2,6.50,4.40
V23,MADIPPAKKAM,Karayanchavadi,Avadi Road,R2,7.00,4.38
V23,MADIPPAKKAM,Govardhanagiri,Avadi Road,R2,7.10,4.35
V23,MADIPPAKKAM,Avadi,C.T.H. Road,R1,7.20,4.30
V23,MADIPPAKKAM,Vel Junction (North),Avadi-Veltech Road,R1,7.47,4.03
V23,MADIPPAKKAM,4.03,Vel Tech Anna campus,R1,7.50,3.45
V24A,MOGAPPAIR,Collector Nagar,Bazar Road,R2,6.20,5.35
V24A,MOGAPPAIR,MMM Hospital,Bazar Road,R2,6.22,
V24A,MOGAPPAIR,J.J. Nagar P.S,Valaiyapathi Road,R2,6.24,
V24A,MOGAPPAIR,Velammal School,Valaiyapathi Road,R2,6.26,
V24A,MOGAPPAIR,Mogappair  East T.N.H.B,Parl Road,R2,6.28,
V24A,MOGAPPAIR,J.J. Nagar B.T,Thiruvalluvar Road,R2,6.30,
V24A,MOGAPPAIR,Panneer Nagar,Thiruvalluvar Road,R2,6.32,
V24A,MOGAPPAIR,Mohan Ram Nagar,Thiruvalluvar Road,R2,6.34,
V24A,MOGAPPAIR,DAV Girls H.S. School,Ambattur Estate Road,R2,6.36,
V24A,MOGAPPAIR,Mugapper Post Office,Vellar Street,R2,6.38,
V24A,MOGAPPAIR,VGP Nagar,1st Avenue,R2,6.40,
V24A,MOGAPPAIR,Mugapper West 6th Block,1st Avenue,R2,6.42,
V24A,MOGAPPAIR,Mugapper West Water Tank,1st Avenue,R2,6.44,
V24A,MOGAPPAIR,Ambatur Dunlop,C.T.H. Road,R2,6.50,
V24A,MOGAPPAIR,Ambedkar silai,Ayappakkam Road,R2,6.53,
V24A,MOGAPPAIR,Avadi,C.T.H. Road,R1,7.10,
V24A,MOGAPPAIR,Veltech Univ,Veltech-Alamathi Road,R1,7.37,
V24A,MOGAPPAIR,Vel Tech Anna campus,Veltech - Alamathi Road,R1,7.40,3.45 PM
V25A,TOLLGATE BUS TERMINUS,Tollgate Bus Terminus,Thiruvottriyur High Road,R2,6.10,5.45
V25A,TOLLGATE BUS TERMINUS,Cross Road,Thiruvottriyur High Road,R2,6.12,
V25A,TOLLGATE BUS TERMINUS,Lakshmi Amman koil,Thiruvottriyur High Road,R2,6.14,
V25A,TOLLGATE BUS TERMINUS,Thandaiyarpet depot,Thiruvottriyur High Road,R2,6.16,
V25A,TOLLGATE BUS TERMINUS,Appollo,Thiruvottriyur High Road,R2,6.18,
V25A,TOLLGATE BUS TERMINUS,Old Wahermenpet,Thiruvottriyur High Road,R2,6.20,
V25A,TOLLGATE BUS TERMINUS,Manikoondu,Thiruvottriyur High Road,R2,6.22,
V25A,TOLLGATE BUS TERMINUS,Maharani Post office,Thiruvottriyur High Road,R2,6.24,
V25A,TOLLGATE BUS TERMINUS,Thyagaraja College,Thiruvottriyur High Road,R2,6.25,
V25A,TOLLGATE BUS TERMINUS,Mint,Thiruvottriyur High Road,R2,6.30,
V25A,TOLLGATE BUS TERMINUS,Ambedkar College,Thiruvottriyur High Road,R2,6.40,
V25A,TOLLGATE BUS TERMINUS,Sharma nagar,Thiruvottriyur High Road,R2,6.42,
V25A,TOLLGATE BUS TERMINUS,Moolakadai,G.N.T. Road,R2,6.45,
V25A,TOLLGATE BUS TERMINUS,Madhavarm Ring Road,G.N.T. Road,R2,6.48,
V25A,TOLLGATE BUS TERMINUS,Retteri Signal,100ft. Road,R2,6.50,
V25A,TOLLGATE BUS TERMINUS,Vinayakapuram,Redhills Road,R2,6.52,
V25A,TOLLGATE BUS TERMINUS,Kadiravedu,Redhills Road,R2,6.55,
V25A,TOLLGATE BUS TERMINUS,Surapet,Redhills Road,R2,6.57,
V25A,TOLLGATE BUS TERMINUS,Kallikuppam,Redhills Road,R2,6.58,
V25A,TOLLGATE BUS TERMINUS,Pudhur,Ambattur - Redhills Road,R2,7.00,
V25A,TOLLGATE BUS TERMINUS,Rakki cinimas,C.T.H. Road,R2,7.10,
V25A,TOLLGATE BUS TERMINUS,Avadi,C.T.H. Road,R1,7.20,
V25A,TOLLGATE BUS TERMINUS,Veltech Univ,Veltech-Alamathi Road,R1,7.40,
V25A,TOLLGATE BUS TERMINUS,Vel Tech Anna campus,Veltech - Alamathi Road,R1,7.45,3.45
V26,URAPAKKAM,Urapakkam,G.S.T Road,R2,6.00,5.15
V26,URAPAKKAM,Vandalore,G.S.T Road,R2,6.05,
V26,URAPAKKAM,Perungalathur,G.S.T Road,R2,6.15,
V26,URAPAKKAM,Tambaram,Walajabad-Oragadam Road,R2,6.30,
V26,URAPAKKAM,Mudichur ByPass road,400 Ft ByPass Road,R2,6.40,
V26,URAPAKKAM,Madanapuram,400 Ft ByPass Road,R2,6.43,
V26,URAPAKKAM,Thirumudivakkam,400 Ft ByPass Road,R2,6.48,
V26,URAPAKKAM,Kunrathur,400 Ft ByPass Road,R2,6.55,
V26,URAPAKKAM,Meppur,400 Ft ByPass Road,R2,7.00,
V26,URAPAKKAM,Poonamallee Outer Ring Road,400 Ft ByPass Road,R2,7.05,
V26,URAPAKKAM,Thirumazhisai,Poonamallee -Tiruvallur High Road,R2,7.15,
V26,URAPAKKAM,Pattabiram,CTH Road,R2,7.30,
V26,URAPAKKAM,Nemilichery,CTH Road,R2,7.35,
V26,URAPAKKAM,Avadi,CTH Road,R1,7.40,
V26,URAPAKKAM,7.40,Morai,R1,7.43,
V26,URAPAKKAM,Veltech B1 Gate,Veltech - Alamathi Road,R1,7.45,
V26,URAPAKKAM,Vel Tech Anna campus,Veltech - Alamathi Road,R1,7.50,3.45
